{
  "project_info": {
    "project_number": "1058733498541",
    "firebase_url": "https://appufpr.firebaseio.com",
    "project_id": "appufpr",
    "storage_bucket": "appufpr.appspot.com"
  },
  "client": [
    {
      "client_info": {
        "mobilesdk_app_id": "1:1058733498541:android:68253f2371da6c57d8a624",
        "android_client_info": {
          "package_name": "com.appUFPR"
        }
      },
      "oauth_client": [
        {
          "client_id": "1058733498541-8139qld2m84n1tgri7vnrrj7u24g1ov5.apps.googleusercontent.com",
          "client_type": 3
        }
      ],
      "api_key": [
        {
          "current_key": "AIzaSyCEqwcvckXMXlGXpbZIPS_m9ySxR8lhehA"
        }
      ],
      "services": {
        "appinvite_service": {
          "other_platform_oauth_client": [
            {
              "client_id": "1058733498541-8139qld2m84n1tgri7vnrrj7u24g1ov5.apps.googleusercontent.com",
              "client_type": 3
            }
          ]
        }
      }
    }
  ],
  "configuration_version": "1"
}